file_id,location,original_name,taskid
00317cdd-6388-49df-b810-455251fa9e57,/home/andy/Documents/6b6de801-bcdc-4f16-a93a-c5e47970377c_01,bk,6b6de801-bcdc-4f16-a93a-c5e47970377c
06c3a937-d08b-4fc9-9d08-294b98a4c04d,/home/andy/Documents/43ebe5fb-8486-40c4-a83b-fb21a0549308_01,bk,43ebe5fb-8486-40c4-a83b-fb21a0549308
0997f6e6-6bed-4987-8116-9bed92d1cd84,/home/andy/Documents/5b732ae3-7e72-4818-89e9-1859be41aec5_01,bk,5b732ae3-7e72-4818-89e9-1859be41aec5
0accc508-b124-4559-98ff-0f4f1fe7320e,/home/andy/Documents/4fbd86a7-af2d-4b24-8b93-1ffc55299f80_01,bk,4fbd86a7-af2d-4b24-8b93-1ffc55299f80
0c30f00c-251c-49b6-9a72-e3287a4fe885,/home/andy/Documents/71528f1b-0f88-47a0-84b8-1feb2a4da2f7_01,bk,71528f1b-0f88-47a0-84b8-1feb2a4da2f7
0f25093c-3af0-489f-92f7-bfa97aa0f7e6,/home/andy/Documents/62dad5e8-c836-462b-9242-36be4fd5eb45_01,bk,62dad5e8-c836-462b-9242-36be4fd5eb45
10897acf-943b-4d20-8ca9-7c19a66531c5,/home/andy/Documents/6e94a399-ff19-4532-b493-5eed2d5c4932_01,bk,6e94a399-ff19-4532-b493-5eed2d5c4932
10e96ccf-4f05-4266-b373-5d032939d7b5,/home/andy/Documents/58402535-6645-403f-8379-f71415ec9f40_01,bk,58402535-6645-403f-8379-f71415ec9f40
13cb01f7-fe83-4d4e-8dd5-8913414978d1,/home/andy/Documents/5330ab54-8766-4080-b97a-4a0eb80693f9_01,bk,5330ab54-8766-4080-b97a-4a0eb80693f9
14b92d6f-bb06-4ed5-9c01-bc7a8d3712fb,/home/andy/Documents/71dde4ba-da16-4d87-a6e0-4b8b90a9a7ce_01,bk,71dde4ba-da16-4d87-a6e0-4b8b90a9a7ce
176bf5c5-0ca2-41e4-9113-3d0f6478ba00,/home/andy/Documents/4c4b2838-d50a-42d2-b822-d54dd05c5dc8_01,bk,4c4b2838-d50a-42d2-b822-d54dd05c5dc8
18381bf6-0f6b-447f-bd21-209da03804eb,/home/andy/Documents/80bea198-10f3-4004-916b-864134078584_01,bk,80bea198-10f3-4004-916b-864134078584
19bdc77e-231e-4fe2-8c78-ef012d03b70d,/home/andy/Documents/5c9299c5-28c7-4f05-960c-f434b2b0f417_01,bk,5c9299c5-28c7-4f05-960c-f434b2b0f417
1add468e-782d-49c3-9ffd-e02040889523,/home/andy/Documents/8082fb88-00b6-41e7-8ed6-93ff1bc7be43_01,bk,8082fb88-00b6-41e7-8ed6-93ff1bc7be43
2018121d-893f-419e-af0b-61490b0067ca,/home/andy/Documents/788aabac-7aaa-413c-9aa4-19669f357d12_01,bk,788aabac-7aaa-413c-9aa4-19669f357d12
26e38eb5-ed45-42f9-b0b2-f3ed6719b622,/home/andy/Documents/6c51275d-0781-47e9-8a69-2a2a959e3778_01,bk,6c51275d-0781-47e9-8a69-2a2a959e3778
2bfe2b1c-8ab0-4b17-9f9f-b5e16b7e3468,/home/andy/Documents/6b025483-c313-47a7-99c8-5cfe8a7006d7_01,bk,6b025483-c313-47a7-99c8-5cfe8a7006d7
2d9b9271-2c28-47f0-bac2-e9a3686365ae,/home/andy/Documents/577aa0f2-2f1a-400c-ae29-c15cac9ac913_01,bk,577aa0f2-2f1a-400c-ae29-c15cac9ac913
3326ff2f-d528-4855-9e7e-f15c06884e57,/home/andy/Documents/6be66aec-3856-47e8-a826-db771b9555dd_01,bk,6be66aec-3856-47e8-a826-db771b9555dd
33b9cc24-e15d-417e-a68a-1a7e5460d517,/home/andy/Documents/72986d0f-fac8-4e18-9dd7-2d14181f4d63_01,bk,72986d0f-fac8-4e18-9dd7-2d14181f4d63
340f45fd-56ea-49cf-a46a-8cbd6842d68b,/home/andy/Documents/601e5aba-467f-401e-8caa-f4d2e1bdb89c_01,bk,601e5aba-467f-401e-8caa-f4d2e1bdb89c
370e1ef0-5a98-4da8-a5f6-1c2b10cf2a2c,/home/andy/Documents/69615300-1689-42e8-a264-31eb8119a4a4_01,bk,69615300-1689-42e8-a264-31eb8119a4a4
3b20f2d9-8ec7-48b0-9f26-aaf4f6ae4ce0,/home/andy/Documents/5c1d80a9-88bf-495d-b449-674f7cb3fefc_01,bk,5c1d80a9-88bf-495d-b449-674f7cb3fefc
3db496f3-4515-4af8-81c3-7753710f7c9c,/home/andy/Documents/5cf7d1cf-29e2-4054-86a4-02e3b0c0578a_01,bk,5cf7d1cf-29e2-4054-86a4-02e3b0c0578a
48d55923-3514-42a1-9f07-d2b9f9ed8518,/home/andy/Documents/447077b9-50ab-4b50-acf8-6e1954d554e1_01,bk,447077b9-50ab-4b50-acf8-6e1954d554e1
4e2d7f04-bb84-4089-a906-e8d21370c6df,/home/andy/Documents/8050d2ed-cd35-4efa-8903-415c2cea6cfd_01,bk,8050d2ed-cd35-4efa-8903-415c2cea6cfd
4ed8b520-80f6-45fc-a539-1bc15affe70e,/home/andy/Documents/5ca90f8c-169a-44de-8d6b-96458653d473_01,bk,5ca90f8c-169a-44de-8d6b-96458653d473
512cbd10-61f5-4c6f-acc4-cf963c8f9803,/home/andy/Documents/61df41c8-b15d-4bcd-99a8-30ef9e4e1b1e_01,bk,61df41c8-b15d-4bcd-99a8-30ef9e4e1b1e
54dd0508-0f1b-4cf5-a46e-17ffecfa61a0,/home/andy/Documents/50747b9e-6409-4d06-8284-d698aaf384fd_01,bk,50747b9e-6409-4d06-8284-d698aaf384fd
55d44bc9-b58a-49f2-939a-3e1957f7183a,/home/andy/Documents/59b36f1d-1990-449d-8705-b8b9842329c2_01,bk,59b36f1d-1990-449d-8705-b8b9842329c2
5990dc80-3fd4-4b68-929a-df1205a863d4,/home/andy/Documents/52da0f45-26d1-4119-9613-c8decedc94b1_01,bk,52da0f45-26d1-4119-9613-c8decedc94b1
5e152a40-3f54-406e-ac09-7b67c153ce56,/home/andy/Documents/48e1dedb-af43-446c-b4ad-7e42e3beffde_01,bk,48e1dedb-af43-446c-b4ad-7e42e3beffde
5f412901-020c-4bca-b708-6614873028b1,/home/andy/Documents/4b9efa46-1f97-495f-8590-3612f744078c_01,bk,4b9efa46-1f97-495f-8590-3612f744078c
60ac5888-a2d5-4ef4-8419-501f64f98e08,/home/andy/Documents/4e024545-559b-4979-bb43-59c0223600d2_01,bk,4e024545-559b-4979-bb43-59c0223600d2
61020afb-8ca8-4ce3-9e9c-2d606b6afaea,/home/andy/Documents/604e65c2-242c-4582-8baf-f87e3d701817_01,bk,604e65c2-242c-4582-8baf-f87e3d701817
62146c48-6f54-4df4-94bf-a3246265581b,/home/andy/Documents/5d267cb1-e4be-43e7-8c80-643e4d7a8441_01,bk,5d267cb1-e4be-43e7-8c80-643e4d7a8441
63c3aecd-02a9-4393-a000-2614df84f7bc,/home/andy/Documents/5b14eeae-c337-4181-9ee5-c5441b75225c_01,bk,5b14eeae-c337-4181-9ee5-c5441b75225c
640f43f3-8d4a-4db5-8133-a5d4de682638,/home/andy/Documents/73432d60-3f23-44ee-85ca-7583f92975d5_01,bk,73432d60-3f23-44ee-85ca-7583f92975d5
66fb50f4-67bb-4297-a49c-33df54edfc64,/home/andy/Documents/80e8f30a-3dae-4a4f-9ccd-fb6b48de99aa_01,bk,80e8f30a-3dae-4a4f-9ccd-fb6b48de99aa
67bc4858-6ed1-44cb-8a87-0ebc0aac2373,/home/andy/Documents/7db59a09-e38e-4c2b-a076-b41356fe3ab9_01,bk,7db59a09-e38e-4c2b-a076-b41356fe3ab9
70095fe7-ed08-4596-8665-2f6043ccc9d6,/home/andy/Documents/5e20080b-97f1-4829-8e76-220acc96870f_01,bk,5e20080b-97f1-4829-8e76-220acc96870f
737f6f65-5464-4146-8ad9-073df4305dd9,/home/andy/Documents/63e1115a-fa81-43ed-ba15-dc01a1358f39_01,bk,63e1115a-fa81-43ed-ba15-dc01a1358f39
7b7e11c6-eb75-47c9-9e84-e2d0d3dd9de8,/home/andy/Documents/40d91fad-6f86-432d-a355-d64d7178050f_01,bk,40d91fad-6f86-432d-a355-d64d7178050f
7c60658a-794c-4061-8d5a-8bb0282b7e90,/home/andy/Documents/47d23eb5-a499-4dea-9619-8c51e6968cee_01,bk,47d23eb5-a499-4dea-9619-8c51e6968cee
7ee096ce-5be3-4294-806a-c34b133e7492,/home/andy/Documents/40ab3d39-c6a2-44a0-8c9b-7c5a4ccca614_01,bk,40ab3d39-c6a2-44a0-8c9b-7c5a4ccca614
80546bd9-f882-4063-a660-03bf317ace57,/home/andy/Documents/8033677d-72fe-4243-bb28-b95a5f6d894a_01,bk,8033677d-72fe-4243-bb28-b95a5f6d894a
85d32bdc-de85-4e49-bd33-e1daff8ddc6f,/home/andy/Documents/613b30de-0a33-46e2-a581-ea398f77fa7c_01,bk,613b30de-0a33-46e2-a581-ea398f77fa7c
8b5ba9e6-43f7-4830-85a1-13f55cfc7157,/home/andy/Documents/68c9e34a-b9bb-4277-9c7f-5ec1c9fc8063_01,bk,68c9e34a-b9bb-4277-9c7f-5ec1c9fc8063
8c98e634-7884-4e43-8fba-89496ab0963f,/home/andy/Documents/63e5521f-22e4-4831-b339-a0a192682f45_01,bk,63e5521f-22e4-4831-b339-a0a192682f45
8f753113-6f1a-49d5-a2e3-385724ac317d,/home/andy/Documents/714c2b7a-558a-4f99-8f8a-15bb91a3aa28_01,bk,714c2b7a-558a-4f99-8f8a-15bb91a3aa28
