taskid,description,id
00b4bd94-0a9e-4513-80d8-197db9b0b2c4,"task creation",51e422fd-cc7c-4044-be61-ae5034ed515c
00bf5a8e-46ae-47ef-8260-7b3be2f8c99a,"task creation",51e422fd-cc7c-4044-be61-ae5034ed515c
010cd011-f704-401d-aabd-ca5da1792157,"task creation",51e422fd-cc7c-4044-be61-ae5034ed515c
03cd61ac-a387-45cc-ab15-6bb666b57327,"task creation",51e422fd-cc7c-4044-be61-ae5034ed515c
05401a16-81d0-4911-8ff5-b2d0ef918287,"task creation",51e422fd-cc7c-4044-be61-ae5034ed515c
05ed7379-b736-4b4d-94f1-872f79d19c9b,"task creation",51e422fd-cc7c-4044-be61-ae5034ed515c
069761e8-ddb9-496a-bb5d-687a97135273,"task creation",51e422fd-cc7c-4044-be61-ae5034ed515c
072f87c5-855f-477b-99e7-8dc782551b34,"task creation",51e422fd-cc7c-4044-be61-ae5034ed515c
0786226d-5ac6-42d7-895e-192ef163ad9b,"task creation",51e422fd-cc7c-4044-be61-ae5034ed515c
083e16e1-52df-451e-b9ef-acc652c8d0e9,"task creation",51e422fd-cc7c-4044-be61-ae5034ed515c
084cd925-f7c8-4fe6-a560-6ab1268196d4,"task creation",51e422fd-cc7c-4044-be61-ae5034ed515c
08db8634-a37a-4f40-9b5d-004684a4aa98,"task creation",51e422fd-cc7c-4044-be61-ae5034ed515c
0927289b-3ae5-4254-b9ac-6ada9270e501,"task creation",51e422fd-cc7c-4044-be61-ae5034ed515c
094958e7-37a1-4f93-a3d2-20a6b6f4e697,"task creation",51e422fd-cc7c-4044-be61-ae5034ed515c
09c7f4da-844c-42fc-a51d-b2d9e70c3489,"task creation",51e422fd-cc7c-4044-be61-ae5034ed515c
09dbec41-29f3-4008-b22d-cb6ee0b3830b,"task creation",51e422fd-cc7c-4044-be61-ae5034ed515c
09f94da2-b29e-4fe1-a9a7-8de59272d29f,"task creation",51e422fd-cc7c-4044-be61-ae5034ed515c
0ae54079-e74b-4109-b22b-be3390981ae9,"task creation",51e422fd-cc7c-4044-be61-ae5034ed515c
0b63c057-3a8a-46d5-8e33-2c3d8bc13603,"task creation",51e422fd-cc7c-4044-be61-ae5034ed515c
0c557c26-24f9-4719-8113-b5c13f9f9438,"task creation",51e422fd-cc7c-4044-be61-ae5034ed515c
0c58d79c-806a-4c16-9cc3-efd35fd425ae,"task creation",51e422fd-cc7c-4044-be61-ae5034ed515c
0ccf5d19-604e-4089-a31b-1d50f5ae9e42,"task creation",51e422fd-cc7c-4044-be61-ae5034ed515c
0cd56469-0bb1-479a-89ef-7e3c97ea1d79,"task creation",51e422fd-cc7c-4044-be61-ae5034ed515c
0d7b4400-f7b3-4a9b-a143-46ae498f0a5d,"task creation",51e422fd-cc7c-4044-be61-ae5034ed515c
0de66fc2-108c-40c4-bad6-a6bbab590e71,"task creation",51e422fd-cc7c-4044-be61-ae5034ed515c
0e30d010-1d78-4d4b-940b-e0a87aa28a68,"task creation",51e422fd-cc7c-4044-be61-ae5034ed515c
0fcebdcf-76d5-4934-ba5c-cd76a939ae90,"task creation",51e422fd-cc7c-4044-be61-ae5034ed515c
104c756e-52ad-4150-b66d-07c0c875c9d2,"task creation",51e422fd-cc7c-4044-be61-ae5034ed515c
118bc799-1832-47c0-a75d-f895491aa142,"task creation",51e422fd-cc7c-4044-be61-ae5034ed515c
11ab8e08-ea03-486d-9002-31ffbf640146,"task creation",51e422fd-cc7c-4044-be61-ae5034ed515c
12f1f4d2-bc11-4048-b413-235faf6b206c,"task creation",51e422fd-cc7c-4044-be61-ae5034ed515c
13919ca9-7550-466f-aa70-8dcab99b58a0,"task creation",51e422fd-cc7c-4044-be61-ae5034ed515c
13dc1ea7-54b3-4c00-a785-d10291558391,"task creation",51e422fd-cc7c-4044-be61-ae5034ed515c
141bd518-1149-4320-8a8e-ec46811638d8,"task creation",51e422fd-cc7c-4044-be61-ae5034ed515c
14fdeda4-df50-4025-b2df-6cc7614afca9,"task creation",51e422fd-cc7c-4044-be61-ae5034ed515c
15079909-f5da-45ac-904f-0603dd8bfafa,"task creation",51e422fd-cc7c-4044-be61-ae5034ed515c
150b28c5-9d6d-471d-8ba3-b7e23f9ab857,"task creation",51e422fd-cc7c-4044-be61-ae5034ed515c
15269d8c-bb13-4fa0-8bf2-baea2dcc8003,"task creation",51e422fd-cc7c-4044-be61-ae5034ed515c
152c7cf3-6376-4a65-8991-5cde4f62b7cb,"task creation",51e422fd-cc7c-4044-be61-ae5034ed515c
15883e8a-d535-4c4d-8b68-e290ab975447,"task creation",51e422fd-cc7c-4044-be61-ae5034ed515c
164e9531-ef8f-4b43-8615-038119853b9b,"task creation",51e422fd-cc7c-4044-be61-ae5034ed515c
169625bd-2ca0-4c8d-a241-b138cfe54ed3,"task creation",51e422fd-cc7c-4044-be61-ae5034ed515c
16b6e0d2-5916-41c1-9009-58d6784b0f37,"task creation",51e422fd-cc7c-4044-be61-ae5034ed515c
1856a9b1-a6f6-450f-bf3b-8b1f74f71e06,"task creation",51e422fd-cc7c-4044-be61-ae5034ed515c
1901ec4e-8130-4bda-b998-82e5883d1d81,"task creation",51e422fd-cc7c-4044-be61-ae5034ed515c
195020a4-82c5-433c-868a-298202149fef,"task creation",51e422fd-cc7c-4044-be61-ae5034ed515c
1aa3d226-dc8c-4a96-b10e-d5a3b8eaf1f3,"task creation",51e422fd-cc7c-4044-be61-ae5034ed515c
1ab05ad2-5b88-4ed7-80ac-024f440572db,"task creation",51e422fd-cc7c-4044-be61-ae5034ed515c
1bb0fa23-3090-40cc-b598-7f759f17f57b,"task creation",51e422fd-cc7c-4044-be61-ae5034ed515c
1c5530ec-8020-4db3-af18-bb70b70b65cc,"task for user5",51e422fd-cc7c-4044-be61-ae5034ed515c
1d40f739-f8f3-40bf-a86f-665c19e89fbd,"task creation",51e422fd-cc7c-4044-be61-ae5034ed515c
1e43a6f4-c743-48b1-a0dd-7fb046ee8056,"task creation",51e422fd-cc7c-4044-be61-ae5034ed515c
1ed91aaf-979d-4eb5-a99a-04e5ae96571f,"task creation",51e422fd-cc7c-4044-be61-ae5034ed515c
1f238d09-0c32-45b7-9390-d83a28035320,"task creation",51e422fd-cc7c-4044-be61-ae5034ed515c
1f24af4f-e1a6-488c-8a44-cd4f27c15c3d,"task creation",51e422fd-cc7c-4044-be61-ae5034ed515c
2044a398-2680-4088-a393-c3b7a6ad86cf,"task creation",51e422fd-cc7c-4044-be61-ae5034ed515c
2070290b-31ee-4e0e-acd1-6a247e56ad2d,"task creation",51e422fd-cc7c-4044-be61-ae5034ed515c
20c01122-8581-440d-bc30-a9d9392b8f32,"task creation",51e422fd-cc7c-4044-be61-ae5034ed515c
20fc0c2d-b8be-46e2-a9ee-a16c01d81a83,"task creation",51e422fd-cc7c-4044-be61-ae5034ed515c
218e8fe0-c038-4672-8530-87dcafac66ac,"task creation",51e422fd-cc7c-4044-be61-ae5034ed515c
21de5b08-2cf5-4cb0-a2da-4cff569ae015,"task creation",51e422fd-cc7c-4044-be61-ae5034ed515c
222b77b8-84c5-4133-bfbf-fa6be605ece3,"task creation",51e422fd-cc7c-4044-be61-ae5034ed515c
22d2162c-698e-48d7-a26a-7284ce833147,"task creation",51e422fd-cc7c-4044-be61-ae5034ed515c
2446c1a3-f12a-4ea9-a4e7-e27668bd9aec,"task creation",51e422fd-cc7c-4044-be61-ae5034ed515c
244a624e-9d3a-4e48-ab07-d4b90080bc9e,"task creation",51e422fd-cc7c-4044-be61-ae5034ed515c
24857046-e40c-456f-a385-20ecbb824bb2,"task creation",51e422fd-cc7c-4044-be61-ae5034ed515c
25169b82-2764-45f5-be2f-5093a0ba78d2,"task creation",51e422fd-cc7c-4044-be61-ae5034ed515c
2569a5b7-b0e3-4c36-b7c8-0db56e0d477f,"task creation",51e422fd-cc7c-4044-be61-ae5034ed515c
256c3ba0-1e07-42fb-ba57-f4b039c67469,"task creation",51e422fd-cc7c-4044-be61-ae5034ed515c
25a73b43-f171-4978-8f65-ebcab9b72d6f,"task creation",51e422fd-cc7c-4044-be61-ae5034ed515c
25cfb0fb-02c1-4694-bc69-11b6ea8c2f21,"task creation",51e422fd-cc7c-4044-be61-ae5034ed515c
26465815-8630-4b4b-ba91-c410a99f8b0c,"task creation",51e422fd-cc7c-4044-be61-ae5034ed515c
2697a1ee-b192-440e-bd40-6c25d2eedde0,"task creation",51e422fd-cc7c-4044-be61-ae5034ed515c
26c4f1da-9f30-4ae9-8bf0-418a9e7d37bb,"task creation",51e422fd-cc7c-4044-be61-ae5034ed515c
271f64cf-f2a8-4269-9658-0e61655fc7e8,"task creation",51e422fd-cc7c-4044-be61-ae5034ed515c
2928cea2-6fbc-4c65-a03c-a3ad8c973f70,"task creation",51e422fd-cc7c-4044-be61-ae5034ed515c
2938b6ac-ba31-4671-930a-1884a523fbd0,"task creation",51e422fd-cc7c-4044-be61-ae5034ed515c
29f8886f-9295-4943-822d-7c4b4106fac6,"task creation",51e422fd-cc7c-4044-be61-ae5034ed515c
2a18f9ee-9171-4cd5-a5de-0fd544139cd2,"task creation",51e422fd-cc7c-4044-be61-ae5034ed515c
2aae2b51-1351-4c05-afc6-1f1e7401a0a4,"task creation",51e422fd-cc7c-4044-be61-ae5034ed515c
2b446dbc-ce30-4090-ac05-06c6506a7f05,"task creation",51e422fd-cc7c-4044-be61-ae5034ed515c
2b6189d1-5d06-4a91-b12e-777fa9254463,"task for user5",51e422fd-cc7c-4044-be61-ae5034ed515c
30f30321-43f7-498d-a924-47e92c4972c7,"task creation",51e422fd-cc7c-4044-be61-ae5034ed515c
323682dc-59c3-436d-b3a6-29f19199523f,"task creation",51e422fd-cc7c-4044-be61-ae5034ed515c
323f0361-0c70-438c-bcd1-9f5bc6901815,"task creation",51e422fd-cc7c-4044-be61-ae5034ed515c
3392cc28-60bf-42bc-8dce-c56d32ee0408,"task creation",51e422fd-cc7c-4044-be61-ae5034ed515c
34663833-dc13-456a-8d1e-2efffbc329be,"task creation",51e422fd-cc7c-4044-be61-ae5034ed515c
34bb927b-51e2-4b3e-82fd-1c44c4cb6457,"task creation",51e422fd-cc7c-4044-be61-ae5034ed515c
352151ae-1b2b-44d9-8eed-85ad74fc5978,"task creation",51e422fd-cc7c-4044-be61-ae5034ed515c
3593d8fa-5716-4416-8d9a-05e90c6d7724,"task creation",51e422fd-cc7c-4044-be61-ae5034ed515c
36a9b67f-4d16-4001-86d4-9aa2f4af35e9,"task creation",51e422fd-cc7c-4044-be61-ae5034ed515c
374fa793-2353-4845-ba9a-91f8214dd3cb,"task creation",51e422fd-cc7c-4044-be61-ae5034ed515c
37b3a816-a1d8-47d0-8e6e-797e4ceeaf8f,"task creation",51e422fd-cc7c-4044-be61-ae5034ed515c
38c25b7d-5940-4975-b960-4985a3a5ecfe,"task creation",51e422fd-cc7c-4044-be61-ae5034ed515c
39526bc6-c56a-4f51-9ee4-fee32735ca36,"task creation",51e422fd-cc7c-4044-be61-ae5034ed515c
3962a7cb-8985-4496-8071-c5af1bb80009,"task creation",51e422fd-cc7c-4044-be61-ae5034ed515c
396889d8-9200-4456-8617-cdd505fae214,"task creation",51e422fd-cc7c-4044-be61-ae5034ed515c
39f93679-acdc-4aec-898c-e966cb905f8a,"task creation",51e422fd-cc7c-4044-be61-ae5034ed515c
3a22615b-e99f-4938-acaf-4346a4d205c4,"task creation",51e422fd-cc7c-4044-be61-ae5034ed515c
3c05bae3-5148-464e-89ff-321f5d0b36f4,"task creation",51e422fd-cc7c-4044-be61-ae5034ed515c
3c50848b-5b8c-4ed8-a6e1-cf848026c8cd,"task creation",51e422fd-cc7c-4044-be61-ae5034ed515c
3ca2c830-27b2-4b41-8d06-777aa640ed16,"task creation",51e422fd-cc7c-4044-be61-ae5034ed515c
3cb72d70-4ff3-4f0c-bf77-9cdc1e1322df,"task creation",51e422fd-cc7c-4044-be61-ae5034ed515c
3d24aa01-80a8-45f9-bf2c-5ddf62ab29e6,"task creation",51e422fd-cc7c-4044-be61-ae5034ed515c
3d72005d-0cd7-461d-917f-2e77c19cb9bb,"task creation",51e422fd-cc7c-4044-be61-ae5034ed515c
409f9eb8-8a1a-40ab-ae58-f798a3f5094c,"task creation",51e422fd-cc7c-4044-be61-ae5034ed515c
40ab3d39-c6a2-44a0-8c9b-7c5a4ccca614,"task creation",51e422fd-cc7c-4044-be61-ae5034ed515c
40d91fad-6f86-432d-a355-d64d7178050f,"task creation",51e422fd-cc7c-4044-be61-ae5034ed515c
42686f20-e841-4bb6-9030-12c6a2defe23,"task creation",51e422fd-cc7c-4044-be61-ae5034ed515c
433a2a6a-f5a6-44ad-bf33-7adda9cde300,"task creation",51e422fd-cc7c-4044-be61-ae5034ed515c
43ebe5fb-8486-40c4-a83b-fb21a0549308,"task creation",51e422fd-cc7c-4044-be61-ae5034ed515c
447077b9-50ab-4b50-acf8-6e1954d554e1,"task creation",51e422fd-cc7c-4044-be61-ae5034ed515c
45131627-31c2-4937-920f-242577a42bdc,"task creation",51e422fd-cc7c-4044-be61-ae5034ed515c
4639edf2-ad42-44f7-817a-2c9ebc9a5b46,"task creation",51e422fd-cc7c-4044-be61-ae5034ed515c
47d23eb5-a499-4dea-9619-8c51e6968cee,"task for user5",51e422fd-cc7c-4044-be61-ae5034ed515c
48e1dedb-af43-446c-b4ad-7e42e3beffde,"task creation",51e422fd-cc7c-4044-be61-ae5034ed515c
49fcb3a5-cd09-43e7-95ad-524164a5f38a,"task creation",51e422fd-cc7c-4044-be61-ae5034ed515c
4a3e33c0-10af-4288-a699-863491eb89bb,"task creation",51e422fd-cc7c-4044-be61-ae5034ed515c
4b837f5e-d41d-4d78-b886-f014b75b7143,"task creation",51e422fd-cc7c-4044-be61-ae5034ed515c
4b9efa46-1f97-495f-8590-3612f744078c,"task creation",51e422fd-cc7c-4044-be61-ae5034ed515c
4c4b2838-d50a-42d2-b822-d54dd05c5dc8,"task creation",51e422fd-cc7c-4044-be61-ae5034ed515c
4e024545-559b-4979-bb43-59c0223600d2,"task creation",51e422fd-cc7c-4044-be61-ae5034ed515c
4e6d4f7c-5d7e-4424-b013-3c07804e3e16,"task creation",51e422fd-cc7c-4044-be61-ae5034ed515c
4f78119d-3520-4b82-82a3-4a8d36845612,"task creation",51e422fd-cc7c-4044-be61-ae5034ed515c
4fbd86a7-af2d-4b24-8b93-1ffc55299f80,"task creation",51e422fd-cc7c-4044-be61-ae5034ed515c
50747b9e-6409-4d06-8284-d698aaf384fd,"task creation",51e422fd-cc7c-4044-be61-ae5034ed515c
5080b9bb-7a85-453e-9f75-5afc17b9dc14,"task creation",51e422fd-cc7c-4044-be61-ae5034ed515c
50f04ec0-c40c-46ff-ba48-435b81b121f5,"task creation",51e422fd-cc7c-4044-be61-ae5034ed515c
51c5ac08-2133-40b9-90c6-6ef8df376e43,"task creation",51e422fd-cc7c-4044-be61-ae5034ed515c
52da0f45-26d1-4119-9613-c8decedc94b1,"task creation",51e422fd-cc7c-4044-be61-ae5034ed515c
5330ab54-8766-4080-b97a-4a0eb80693f9,"task creation",51e422fd-cc7c-4044-be61-ae5034ed515c
53a6c9a2-88bc-449b-81e1-38de003f53a9,"task creation",51e422fd-cc7c-4044-be61-ae5034ed515c
53ee7272-13d3-45cf-9b58-de1be2d201d6,"task creation",51e422fd-cc7c-4044-be61-ae5034ed515c
5409c53e-8c58-47ad-9157-6153aa32ee99,"task creation",51e422fd-cc7c-4044-be61-ae5034ed515c
56608343-e18c-4df1-97da-7b5b4c8532c2,"task creation",51e422fd-cc7c-4044-be61-ae5034ed515c
577aa0f2-2f1a-400c-ae29-c15cac9ac913,"task creation",51e422fd-cc7c-4044-be61-ae5034ed515c
58402535-6645-403f-8379-f71415ec9f40,"task creation",51e422fd-cc7c-4044-be61-ae5034ed515c
59124812-2082-455d-a43a-855dcd3e7855,"task creation",51e422fd-cc7c-4044-be61-ae5034ed515c
59b36f1d-1990-449d-8705-b8b9842329c2,"task creation",51e422fd-cc7c-4044-be61-ae5034ed515c
5b14eeae-c337-4181-9ee5-c5441b75225c,"task creation",51e422fd-cc7c-4044-be61-ae5034ed515c
5b732ae3-7e72-4818-89e9-1859be41aec5,"task creation",51e422fd-cc7c-4044-be61-ae5034ed515c
5c18e864-00e3-40fb-8f15-8885e7614deb,"task creation",51e422fd-cc7c-4044-be61-ae5034ed515c
5c1d80a9-88bf-495d-b449-674f7cb3fefc,"task creation",51e422fd-cc7c-4044-be61-ae5034ed515c
5c9299c5-28c7-4f05-960c-f434b2b0f417,"task creation",51e422fd-cc7c-4044-be61-ae5034ed515c
5ca90f8c-169a-44de-8d6b-96458653d473,"task creation",51e422fd-cc7c-4044-be61-ae5034ed515c
5cf7d1cf-29e2-4054-86a4-02e3b0c0578a,"task creation",51e422fd-cc7c-4044-be61-ae5034ed515c
5d267cb1-e4be-43e7-8c80-643e4d7a8441,"task creation",51e422fd-cc7c-4044-be61-ae5034ed515c
5e20080b-97f1-4829-8e76-220acc96870f,"task creation",51e422fd-cc7c-4044-be61-ae5034ed515c
5ec4eff9-707d-4b7b-bf7a-227eecefd987,"task creation",51e422fd-cc7c-4044-be61-ae5034ed515c
601e5aba-467f-401e-8caa-f4d2e1bdb89c,"task creation",51e422fd-cc7c-4044-be61-ae5034ed515c
604e65c2-242c-4582-8baf-f87e3d701817,"task creation",51e422fd-cc7c-4044-be61-ae5034ed515c
613b30de-0a33-46e2-a581-ea398f77fa7c,"task creation",51e422fd-cc7c-4044-be61-ae5034ed515c
61a6ca24-f0f3-42e2-9604-dff4e7d29da0,"task creation",51e422fd-cc7c-4044-be61-ae5034ed515c
61b51876-8dd1-428b-9c9f-04c861eef64e,"task creation",51e422fd-cc7c-4044-be61-ae5034ed515c
61df41c8-b15d-4bcd-99a8-30ef9e4e1b1e,"task creation",51e422fd-cc7c-4044-be61-ae5034ed515c
62dad5e8-c836-462b-9242-36be4fd5eb45,"task creation",51e422fd-cc7c-4044-be61-ae5034ed515c
6352d439-1975-4cf7-b54c-a357221449b4,"task creation",51e422fd-cc7c-4044-be61-ae5034ed515c
63777fe1-9442-45fa-a2e4-8886ae50e8e8,"task creation",51e422fd-cc7c-4044-be61-ae5034ed515c
63e1115a-fa81-43ed-ba15-dc01a1358f39,"task creation",51e422fd-cc7c-4044-be61-ae5034ed515c
63e5521f-22e4-4831-b339-a0a192682f45,"task creation",51e422fd-cc7c-4044-be61-ae5034ed515c
68a3db62-5ebc-43a1-8fec-9fe785b90caa,"task creation",51e422fd-cc7c-4044-be61-ae5034ed515c
68c9e34a-b9bb-4277-9c7f-5ec1c9fc8063,"task creation",51e422fd-cc7c-4044-be61-ae5034ed515c
68cf86c0-0c18-4c2e-bc44-5a25dd1010c2,"task creation",51e422fd-cc7c-4044-be61-ae5034ed515c
695ea22d-d6be-425d-90b0-0bf80bef48dd,"task creation",51e422fd-cc7c-4044-be61-ae5034ed515c
69615300-1689-42e8-a264-31eb8119a4a4,"task creation",51e422fd-cc7c-4044-be61-ae5034ed515c
6b025483-c313-47a7-99c8-5cfe8a7006d7,"task creation",51e422fd-cc7c-4044-be61-ae5034ed515c
6b0362b5-6431-4974-ab5c-56376f3b8adb,"task creation",51e422fd-cc7c-4044-be61-ae5034ed515c
6b6de801-bcdc-4f16-a93a-c5e47970377c,"task creation",51e422fd-cc7c-4044-be61-ae5034ed515c
6b8bdc68-1eae-4379-8e99-d8cf4350c3e8,"task creation",51e422fd-cc7c-4044-be61-ae5034ed515c
6be66aec-3856-47e8-a826-db771b9555dd,"task creation",51e422fd-cc7c-4044-be61-ae5034ed515c
6c51275d-0781-47e9-8a69-2a2a959e3778,"task creation",51e422fd-cc7c-4044-be61-ae5034ed515c
6c863145-386c-4c44-8599-dcb3653fd933,"task creation",51e422fd-cc7c-4044-be61-ae5034ed515c
6d4f1742-569e-4e96-8587-26196fb4d5c5,"task creation",51e422fd-cc7c-4044-be61-ae5034ed515c
6e0ab6c7-5b89-444c-a2bc-025f0b2b4d1c,"task creation",51e422fd-cc7c-4044-be61-ae5034ed515c
6e497e4a-d8dc-449a-8c48-929cea1cf9f9,"task creation",51e422fd-cc7c-4044-be61-ae5034ed515c
6e94a399-ff19-4532-b493-5eed2d5c4932,"task creation",51e422fd-cc7c-4044-be61-ae5034ed515c
6ed139b7-77fd-4f26-9769-b9f7e8a2b090,"task creation",51e422fd-cc7c-4044-be61-ae5034ed515c
6f054a6d-c116-422e-8030-237f2621acbb,"task creation",51e422fd-cc7c-4044-be61-ae5034ed515c
703b0fad-840d-4135-b7b7-e3d7bd6ea315,"task creation",51e422fd-cc7c-4044-be61-ae5034ed515c
714c2b7a-558a-4f99-8f8a-15bb91a3aa28,"task creation",51e422fd-cc7c-4044-be61-ae5034ed515c
71528f1b-0f88-47a0-84b8-1feb2a4da2f7,"task creation",51e422fd-cc7c-4044-be61-ae5034ed515c
71dde4ba-da16-4d87-a6e0-4b8b90a9a7ce,"task creation",51e422fd-cc7c-4044-be61-ae5034ed515c
72986d0f-fac8-4e18-9dd7-2d14181f4d63,"task creation",51e422fd-cc7c-4044-be61-ae5034ed515c
7334414a-af03-4847-9d2b-daa42cfd3599,"task creation",51e422fd-cc7c-4044-be61-ae5034ed515c
73432d60-3f23-44ee-85ca-7583f92975d5,"task creation",51e422fd-cc7c-4044-be61-ae5034ed515c
73f19d66-b451-4fcd-9997-270846be6a2b,"task creation",51e422fd-cc7c-4044-be61-ae5034ed515c
74fa282d-6cc3-4864-8757-f232ebd3f77e,"task creation",51e422fd-cc7c-4044-be61-ae5034ed515c
788aabac-7aaa-413c-9aa4-19669f357d12,"task creation",51e422fd-cc7c-4044-be61-ae5034ed515c
7aba840f-1bf3-4535-bfa7-33fcbb938727,"task creation",51e422fd-cc7c-4044-be61-ae5034ed515c
7c230777-60cc-4e46-83f7-09017f3b2e94,"task creation",51e422fd-cc7c-4044-be61-ae5034ed515c
7db59a09-e38e-4c2b-a076-b41356fe3ab9,"task creation",51e422fd-cc7c-4044-be61-ae5034ed515c
7dfc53e1-4fc5-40da-af71-560502d17e77,"task creation",51e422fd-cc7c-4044-be61-ae5034ed515c
7e432295-9236-44e1-a63a-15067006cd27,"task creation",51e422fd-cc7c-4044-be61-ae5034ed515c
7f95c8be-87b9-447a-91a1-9ec1acd20998,"task creation",51e422fd-cc7c-4044-be61-ae5034ed515c
8033677d-72fe-4243-bb28-b95a5f6d894a,"task creation",51e422fd-cc7c-4044-be61-ae5034ed515c
8050d2ed-cd35-4efa-8903-415c2cea6cfd,"task creation",51e422fd-cc7c-4044-be61-ae5034ed515c
8082fb88-00b6-41e7-8ed6-93ff1bc7be43,"task creation",51e422fd-cc7c-4044-be61-ae5034ed515c
80bea198-10f3-4004-916b-864134078584,"task creation",51e422fd-cc7c-4044-be61-ae5034ed515c
80e8f30a-3dae-4a4f-9ccd-fb6b48de99aa,"task creation",51e422fd-cc7c-4044-be61-ae5034ed515c
81174127-f856-4c86-9f58-abe1a1c3b258,"task creation",51e422fd-cc7c-4044-be61-ae5034ed515c
82f500b8-193f-4709-9806-6fa19efd6243,"task creation",51e422fd-cc7c-4044-be61-ae5034ed515c
838928b1-226d-451a-9a5c-8b51f06cbfe2,"task creation",51e422fd-cc7c-4044-be61-ae5034ed515c
839af819-22f1-4683-82e9-68444b996382,"task creation",51e422fd-cc7c-4044-be61-ae5034ed515c
83a4f8cc-aa2d-489f-a946-e93ad302098f,"task creation",51e422fd-cc7c-4044-be61-ae5034ed515c
83ab59b7-cb40-440f-856d-9312079b8c0d,"task creation",51e422fd-cc7c-4044-be61-ae5034ed515c
83cb93cd-fc8f-4ee6-92e5-db93950b9005,"task creation",51e422fd-cc7c-4044-be61-ae5034ed515c
841a14f9-5c43-49cf-a9d5-ca87b8edae6a,"task creation",51e422fd-cc7c-4044-be61-ae5034ed515c
8489a4c7-0cd6-43d5-b8a5-d7a45e3b4f0e,"task creation",51e422fd-cc7c-4044-be61-ae5034ed515c
858939e1-1f85-4890-973d-e632ffb9ab17,"task creation",51e422fd-cc7c-4044-be61-ae5034ed515c
85ac2bfc-ef9e-4cf9-b2e5-48c12dcce914,"task creation",51e422fd-cc7c-4044-be61-ae5034ed515c
85e7a3f0-8a02-40d5-9506-5d831f22e448,"task creation",51e422fd-cc7c-4044-be61-ae5034ed515c
865df65b-4e21-4175-ac68-f7c9ef7ce2a6,"task creation",51e422fd-cc7c-4044-be61-ae5034ed515c
8677f2a1-baee-4623-a082-9094a383fdf9,"task creation",51e422fd-cc7c-4044-be61-ae5034ed515c
87875485-1407-4efa-a7d5-7436dc73cae3,"task creation",51e422fd-cc7c-4044-be61-ae5034ed515c
87ef8f37-4dae-4ec0-b2bb-462f34d1f30e,"task creation",51e422fd-cc7c-4044-be61-ae5034ed515c
88e7e4a7-e1c6-4c2b-a130-6adf9a41b804,"task creation",51e422fd-cc7c-4044-be61-ae5034ed515c
88e8bfa3-e7a1-4487-a349-b2a081cabcd0,"task creation",51e422fd-cc7c-4044-be61-ae5034ed515c
892cb34e-3b09-4d48-878f-6b9a8baf405c,"task creation",51e422fd-cc7c-4044-be61-ae5034ed515c
89924dda-e521-4cf0-bfa1-11a91fcd8c52,"task creation",51e422fd-cc7c-4044-be61-ae5034ed515c
89a658e1-f6d3-46da-a032-dc0a25ae1130,"task creation",51e422fd-cc7c-4044-be61-ae5034ed515c
8a694946-c598-4e34-89d3-16303d1529f3,"task creation",51e422fd-cc7c-4044-be61-ae5034ed515c
8b10e598-d819-412f-9e1e-19d5a7c21a53,"task creation",51e422fd-cc7c-4044-be61-ae5034ed515c
8b8df674-aef5-4f25-b71b-7f81b7079888,"task creation",51e422fd-cc7c-4044-be61-ae5034ed515c
8c792182-cf90-4e08-89ca-8f74570694c6,"task creation",51e422fd-cc7c-4044-be61-ae5034ed515c
8cb78847-20e4-4b22-bc2d-c4dcb2431680,"task creation",51e422fd-cc7c-4044-be61-ae5034ed515c
8f599ecf-ba24-4a48-b012-8c930df4b71d,"task creation",51e422fd-cc7c-4044-be61-ae5034ed515c
901b31c6-482b-4a87-b345-324908351a98,"task creation",51e422fd-cc7c-4044-be61-ae5034ed515c
90336d89-fa76-4a41-8465-d7938b0f72fb,"task creation",51e422fd-cc7c-4044-be61-ae5034ed515c
915cdcd9-c039-4aa4-bf87-5f1d0575ce7c,"task creation",51e422fd-cc7c-4044-be61-ae5034ed515c
929f196d-de83-4b3d-a8b0-4908588f7d39,"task creation",51e422fd-cc7c-4044-be61-ae5034ed515c
93215c5c-cc5a-4743-8266-89c1a1c4fc3c,"task creation",51e422fd-cc7c-4044-be61-ae5034ed515c
938da946-8d91-4bf7-8977-5b57fbde2a4f,"task creation",51e422fd-cc7c-4044-be61-ae5034ed515c
93c99952-4a45-46c9-94f5-07d459946c5a,"task for user5",51e422fd-cc7c-4044-be61-ae5034ed515c
93e01d10-f4c8-4c24-b32e-9dbda196d9bc,"task creation",51e422fd-cc7c-4044-be61-ae5034ed515c
93eaa887-4b28-450d-a920-3cd75e7e4874,"task creation",51e422fd-cc7c-4044-be61-ae5034ed515c
9401c991-9d43-44ec-8b71-3ef2d3bf762a,"task creation",51e422fd-cc7c-4044-be61-ae5034ed515c
9531b985-1150-4a11-9a13-3e0ee07df103,"task creation",51e422fd-cc7c-4044-be61-ae5034ed515c
959b358a-9baa-4458-ac3c-eaf8aab5e6cb,"task creation",51e422fd-cc7c-4044-be61-ae5034ed515c
95da4392-e720-4e06-bf50-ff0ec915c48b,"task creation",51e422fd-cc7c-4044-be61-ae5034ed515c
967d9581-3a02-49c4-b8a9-17b98cb6df11,"task creation",51e422fd-cc7c-4044-be61-ae5034ed515c
96d6b819-367c-414d-b47b-18da6cf2d528,"task creation",51e422fd-cc7c-4044-be61-ae5034ed515c
9941bcab-c561-47e9-b7c3-4993b15c769e,"task creation",51e422fd-cc7c-4044-be61-ae5034ed515c
996c68ec-7aa6-4fb1-9bdc-ee0d00ae1ef8,"task creation",51e422fd-cc7c-4044-be61-ae5034ed515c
9a07abc4-f105-4202-b71e-00d375068740,"task creation",51e422fd-cc7c-4044-be61-ae5034ed515c
9afa6d54-d2e8-443d-b865-25e36cead59f,"task creation",51e422fd-cc7c-4044-be61-ae5034ed515c
9d4494c1-c9ad-4751-a47d-170af94f1cda,"task creation",51e422fd-cc7c-4044-be61-ae5034ed515c
9da8c218-bec6-42c5-84b7-d785cd642d76,"task creation",51e422fd-cc7c-4044-be61-ae5034ed515c
9db11033-1d15-4640-aa49-2bd2e391b679,"task creation",51e422fd-cc7c-4044-be61-ae5034ed515c
9e6efdc9-6e97-4f66-9909-3af8fd3be29c,"task creation",51e422fd-cc7c-4044-be61-ae5034ed515c
9ea710b4-2988-4f8e-8dc9-20937af6bec4,"task creation",51e422fd-cc7c-4044-be61-ae5034ed515c
9eaa7983-a4cb-4a8c-a78b-adf449d4b20f,"task creation",51e422fd-cc7c-4044-be61-ae5034ed515c
9fcacd05-ea6a-4ce6-b30b-0a5521b8e7e9,"task creation",51e422fd-cc7c-4044-be61-ae5034ed515c
9fe52631-d1b9-4d74-80ce-e7076d087a72,"task creation",51e422fd-cc7c-4044-be61-ae5034ed515c
a00b5314-4ab2-4274-9f3a-70e8bfe9b66a,"task creation",51e422fd-cc7c-4044-be61-ae5034ed515c
a0bacfa1-8336-4475-8072-e19be73c2019,"task creation",51e422fd-cc7c-4044-be61-ae5034ed515c
a1055b08-b29d-4464-90f0-8955db294662,"task creation",51e422fd-cc7c-4044-be61-ae5034ed515c
a134a9d1-76eb-415a-8881-709964712b18,"task creation",51e422fd-cc7c-4044-be61-ae5034ed515c
a221317a-3486-481e-affc-6305d9511fd0,"task creation",51e422fd-cc7c-4044-be61-ae5034ed515c
a2f7fc70-b354-4e40-9c77-2f7ad1b21f90,"task creation",51e422fd-cc7c-4044-be61-ae5034ed515c
a32af17e-5adc-4be5-98d7-e76774fe998f,"task creation",51e422fd-cc7c-4044-be61-ae5034ed515c
a35f5dd9-427e-44b6-a19c-3eef1296bd89,"task creation",51e422fd-cc7c-4044-be61-ae5034ed515c
a4113ee4-ad48-41be-a5cb-35af29a795cc,"task creation",51e422fd-cc7c-4044-be61-ae5034ed515c
a4e0d463-79a4-406d-94d4-1723e43f0e02,"task creation",51e422fd-cc7c-4044-be61-ae5034ed515c
a5f7a92b-f2b3-411e-8d9c-25cc7238d7f2,"task creation",51e422fd-cc7c-4044-be61-ae5034ed515c
a6030c60-934a-4716-bdf3-9158bb19672b,"task creation",51e422fd-cc7c-4044-be61-ae5034ed515c
a6784f94-3cb6-4457-bfcd-9abcc9c0b7c5,"task creation",51e422fd-cc7c-4044-be61-ae5034ed515c
a81de57e-637d-4a70-a479-787ed5ca9f9f,"task creation",51e422fd-cc7c-4044-be61-ae5034ed515c
a9c15eb7-9fe4-438b-8f26-b8492e357512,"task creation",51e422fd-cc7c-4044-be61-ae5034ed515c
aa987a25-792e-4e44-ad72-02125733d13b,"task creation",51e422fd-cc7c-4044-be61-ae5034ed515c
aac057a6-8dfe-4426-9975-497342aa9538,"task creation",51e422fd-cc7c-4044-be61-ae5034ed515c
aacd8031-0658-408e-b478-2cb8ec62161e,"task creation",51e422fd-cc7c-4044-be61-ae5034ed515c
abe47682-e6d0-48f5-8cf6-22a63f4de13a,"task creation",51e422fd-cc7c-4044-be61-ae5034ed515c
ac8850c2-5e43-4c28-a61a-1e42fd6a7a46,"task creation",51e422fd-cc7c-4044-be61-ae5034ed515c
acd99218-494e-4513-ab2b-cc8d65c24753,"task creation",51e422fd-cc7c-4044-be61-ae5034ed515c
ad28cb73-0541-4127-be43-5f02cfd93bbc,"task creation",51e422fd-cc7c-4044-be61-ae5034ed515c
ae8d19f3-7687-4908-bda2-68ec48fafeaa,"task creation",51e422fd-cc7c-4044-be61-ae5034ed515c
af209540-90d2-48ec-9bd6-66fb92036391,"task creation",51e422fd-cc7c-4044-be61-ae5034ed515c
af229522-fa77-48fd-a541-cfda3645f0e3,"task creation",51e422fd-cc7c-4044-be61-ae5034ed515c
b007cd18-4358-4c8e-b770-eac67af1e696,"task creation",51e422fd-cc7c-4044-be61-ae5034ed515c
b0357d05-8b03-411c-b61f-3ff7358d505f,"task creation",51e422fd-cc7c-4044-be61-ae5034ed515c
b10b847c-ae65-4276-b1ba-9a178095965a,"task creation",51e422fd-cc7c-4044-be61-ae5034ed515c
b19c481a-ae70-40ff-a87f-04b25998310b,"task creation",51e422fd-cc7c-4044-be61-ae5034ed515c
b1b09c29-04e4-4214-87aa-0f355e4c9249,"task creation",51e422fd-cc7c-4044-be61-ae5034ed515c
b2623d10-eee7-42b0-8ab0-0d1da105142d,"task creation",51e422fd-cc7c-4044-be61-ae5034ed515c
b4536d33-7bae-49a2-aed1-65fffbd8ae76,"task creation",51e422fd-cc7c-4044-be61-ae5034ed515c
b4a53d44-41ed-4690-b7fb-2e498e7206dd,"task creation",51e422fd-cc7c-4044-be61-ae5034ed515c
b51d8f2f-0045-4c60-bf6f-fed14d0f3e17,"task creation",51e422fd-cc7c-4044-be61-ae5034ed515c
b5d13d9c-2c3a-4bd4-8aaa-dd5a4d83b0b7,"task creation",51e422fd-cc7c-4044-be61-ae5034ed515c
b5ea663d-3023-4ef6-8a6a-2cdfc9982fcc,"task creation",51e422fd-cc7c-4044-be61-ae5034ed515c
b63810a6-0040-4923-81ef-00c97918333d,"task creation",51e422fd-cc7c-4044-be61-ae5034ed515c
b71364b5-de96-4a92-a5ac-d572616351d6,"task creation",51e422fd-cc7c-4044-be61-ae5034ed515c
b77487d8-fa4c-4cba-95f7-e71f950ca828,"task creation",51e422fd-cc7c-4044-be61-ae5034ed515c
b7a28257-aadc-4f85-9512-c0dce0362a3e,"task creation",51e422fd-cc7c-4044-be61-ae5034ed515c
b7e543d0-d59f-42c3-bcb1-c9773516be7f,"task creation",51e422fd-cc7c-4044-be61-ae5034ed515c
b8c19ea2-0c39-4f78-8d97-69a2fc987a18,"task creation",51e422fd-cc7c-4044-be61-ae5034ed515c
b8d513bf-291e-4215-badd-53d1422e331e,"task creation",51e422fd-cc7c-4044-be61-ae5034ed515c
b9054e9b-65a4-451a-b76a-87d20994bf04,"task creation",51e422fd-cc7c-4044-be61-ae5034ed515c
b92c7a95-5b28-49ea-861f-0eb3a9429a33,"task creation",51e422fd-cc7c-4044-be61-ae5034ed515c
b9d353cb-2a70-40e8-b0d2-caad7f7123c8,"task creation",51e422fd-cc7c-4044-be61-ae5034ed515c
bab85db1-86a3-4e45-a3ea-0513ec25a76b,"task creation",51e422fd-cc7c-4044-be61-ae5034ed515c
bae50051-1941-456b-acfc-17d0d0d70e6e,"task creation",51e422fd-cc7c-4044-be61-ae5034ed515c
bd918c89-1bce-40c6-8fe3-d79d031d2fdb,"task creation",51e422fd-cc7c-4044-be61-ae5034ed515c
bedac471-3cf6-4043-8fa1-383a309973e3,"task creation",51e422fd-cc7c-4044-be61-ae5034ed515c
bf4c623c-53c4-4302-8a07-43c4dbbbb06a,"task creation",51e422fd-cc7c-4044-be61-ae5034ed515c
bf7af945-dfc8-4690-b7ea-4d91661c9d65,"task creation",51e422fd-cc7c-4044-be61-ae5034ed515c
c05be86e-e2a5-4fa1-969d-c48fef2a22c9,"task creation",51e422fd-cc7c-4044-be61-ae5034ed515c
c124f8cb-a765-4241-ba6a-a1a1ba45d9ae,"task creation",51e422fd-cc7c-4044-be61-ae5034ed515c
c126468c-a6ab-4b9b-81ee-7b2f1f620f01,"task creation",51e422fd-cc7c-4044-be61-ae5034ed515c
c216f289-7ff3-409e-b91c-e233c4129dc6,"task creation",51e422fd-cc7c-4044-be61-ae5034ed515c
c3a557a9-cbde-40dc-82a7-70f3a70d0b2d,"task creation",51e422fd-cc7c-4044-be61-ae5034ed515c
c4ac0b9f-4bbf-466a-8035-a1cef3447948,"task creation",51e422fd-cc7c-4044-be61-ae5034ed515c
c4ef82a9-28db-4fe3-af3b-faec3ff3adb8,"task creation",51e422fd-cc7c-4044-be61-ae5034ed515c
c5211170-0f3c-4713-a0da-fa151a3f4fd2,"task creation",51e422fd-cc7c-4044-be61-ae5034ed515c
c5c48a6b-3a8a-4797-8320-9781899747fa,"task creation",51e422fd-cc7c-4044-be61-ae5034ed515c
c7b47bbb-dc43-45a1-b761-2e25b3f42f1d,"task creation",51e422fd-cc7c-4044-be61-ae5034ed515c
c8772f55-3d39-4446-8983-529eaca56e67,"task creation",51e422fd-cc7c-4044-be61-ae5034ed515c
c88ea0fa-fb48-47ca-a914-0e2f232b0994,"task creation",51e422fd-cc7c-4044-be61-ae5034ed515c
c9168c18-ea2b-4a47-898b-84671b007463,"task creation",51e422fd-cc7c-4044-be61-ae5034ed515c
ca438137-055f-4a74-80c8-7046f6426ab1,"task creation",51e422fd-cc7c-4044-be61-ae5034ed515c
cac23fac-e78e-4e83-996d-8f9f573fcd07,"task creation",51e422fd-cc7c-4044-be61-ae5034ed515c
cca65097-2c67-457f-ae6d-0ed948309c4c,"task creation",51e422fd-cc7c-4044-be61-ae5034ed515c
cdea56c6-2c16-4035-b435-a198597dd1d1,"task creation",51e422fd-cc7c-4044-be61-ae5034ed515c
ce3efc52-a064-4e0c-893f-020945c31978,"task creation",51e422fd-cc7c-4044-be61-ae5034ed515c
ce621b8b-c797-4c59-99d2-cb18a902b276,"task creation",51e422fd-cc7c-4044-be61-ae5034ed515c
ce6c876c-db6d-4e2c-8133-c1674695057b,"task creation",51e422fd-cc7c-4044-be61-ae5034ed515c
cf76e287-ca69-46a7-82f4-db514aae59f9,"task creation",51e422fd-cc7c-4044-be61-ae5034ed515c
d2d2a186-3b5c-4607-be28-39eb30f4aee2,"task creation",51e422fd-cc7c-4044-be61-ae5034ed515c
d3088929-851c-4e92-9c1f-10ef07eff588,"task creation",51e422fd-cc7c-4044-be61-ae5034ed515c
d44209d4-1344-4244-bed6-dcc1a8dceeb2,"task creation",51e422fd-cc7c-4044-be61-ae5034ed515c
d44b8350-69dc-4e58-81e8-d6fbf9710348,"task creation",51e422fd-cc7c-4044-be61-ae5034ed515c
d485fea5-f4b8-4e8a-806f-e0ff98750d00,"task creation",51e422fd-cc7c-4044-be61-ae5034ed515c
d4e3ed92-7727-495c-a5df-dd043cb69a3a,"task creation",51e422fd-cc7c-4044-be61-ae5034ed515c
d57604f2-8798-45e8-a97c-55ea252e98b2,"task creation",51e422fd-cc7c-4044-be61-ae5034ed515c
d66622fa-d444-4282-a6e5-2291f5b1f330,"task creation",51e422fd-cc7c-4044-be61-ae5034ed515c
d8067243-51a6-498f-8ae3-205d4d6514f4,"task creation",51e422fd-cc7c-4044-be61-ae5034ed515c
d9202003-8458-441a-a1cc-dfb07a2a6c71,"task creation",51e422fd-cc7c-4044-be61-ae5034ed515c
d9d53567-d297-43d5-912d-25fee6bf810e,"task creation",51e422fd-cc7c-4044-be61-ae5034ed515c
da06bcd5-6143-4636-949a-c38812ccc34e,"task creation",51e422fd-cc7c-4044-be61-ae5034ed515c
da96f277-e4cf-4c48-a394-f59c4c66d807,"task creation",51e422fd-cc7c-4044-be61-ae5034ed515c
db1c9bb1-2713-4889-8c9f-39ccc26a45ae,"task creation",51e422fd-cc7c-4044-be61-ae5034ed515c
db2c8cec-36a5-46eb-b9f5-e9bf67ae21eb,"task creation",51e422fd-cc7c-4044-be61-ae5034ed515c
dc219959-ba90-441b-a36d-d586f42cd112,"task creation",51e422fd-cc7c-4044-be61-ae5034ed515c
dd6a0273-71d9-48dc-acb9-032947edd9c0,"task creation",51e422fd-cc7c-4044-be61-ae5034ed515c
de16da52-9bcb-4628-958f-0f69b21e1522,"task creation",51e422fd-cc7c-4044-be61-ae5034ed515c
de517db3-2117-44ef-85e0-52ba2e9a8c50,"task creation",51e422fd-cc7c-4044-be61-ae5034ed515c
de62a78c-5891-43a5-80ad-74f716842155,"task creation",51e422fd-cc7c-4044-be61-ae5034ed515c
df61af5a-c12d-4c36-833e-ab4acca4966d,"task creation",51e422fd-cc7c-4044-be61-ae5034ed515c
df633922-5bd7-4992-9cd6-89e2302f599a,"task creation",51e422fd-cc7c-4044-be61-ae5034ed515c
e0cd5a72-5964-4231-b058-b908ab6083bb,"task creation",51e422fd-cc7c-4044-be61-ae5034ed515c
e1325a19-84bc-437e-96f2-15fce672df7a,"task creation",51e422fd-cc7c-4044-be61-ae5034ed515c
e4a9e746-7e69-4d98-bdac-475746fbb0cf,"task creation",51e422fd-cc7c-4044-be61-ae5034ed515c
e7ca3a99-5e47-4f94-ad54-5ff4730e595f,"task creation",51e422fd-cc7c-4044-be61-ae5034ed515c
e85275bb-9dd4-45b7-aa2c-883b53ee5dee,"task creation",51e422fd-cc7c-4044-be61-ae5034ed515c
e858bcdc-85ff-473b-a71f-1c7913fcd137,"task creation",51e422fd-cc7c-4044-be61-ae5034ed515c
e86bb778-8a7d-4e4d-b877-c3ceea7a5907,"task creation",51e422fd-cc7c-4044-be61-ae5034ed515c
e8a0ef3d-3086-4734-b059-3e95bef85752,"task creation",51e422fd-cc7c-4044-be61-ae5034ed515c
e9abf080-3786-4e1c-928b-efc0b83fe2dc,"task creation",51e422fd-cc7c-4044-be61-ae5034ed515c
e9bfb1e2-254f-4d83-b725-ae84ea1ef293,"task creation",51e422fd-cc7c-4044-be61-ae5034ed515c
ea2f9e85-70f2-44bd-b0d1-7a102bde2905,"task creation",51e422fd-cc7c-4044-be61-ae5034ed515c
ea345469-c872-48dd-9281-f35476e4b5a5,"task creation",51e422fd-cc7c-4044-be61-ae5034ed515c
ea42541e-3950-4fcd-9cc7-50d043449cec,"task creation",51e422fd-cc7c-4044-be61-ae5034ed515c
ea7b7147-ad6e-4cec-aaee-6fc7a4d479e6,"task creation",51e422fd-cc7c-4044-be61-ae5034ed515c
eaac0dba-599a-4431-bb96-dc0098033845,"task creation",51e422fd-cc7c-4044-be61-ae5034ed515c
ec292b57-ad51-4e6f-bd44-f507c424c0e9,"task creation",51e422fd-cc7c-4044-be61-ae5034ed515c
ec606862-a8ee-48eb-8c47-ca14bc2de8b5,"task creation",51e422fd-cc7c-4044-be61-ae5034ed515c
ec9add99-f2d0-4b4a-95eb-f0681f51f4d7,"task creation",51e422fd-cc7c-4044-be61-ae5034ed515c
ed4fb2af-0cf7-4849-8e7a-4ee84ba89bdd,"task creation",51e422fd-cc7c-4044-be61-ae5034ed515c
ee91e43e-b987-4e39-bd4e-d24a4ff048b3,"task creation",51e422fd-cc7c-4044-be61-ae5034ed515c
eeba20b9-e936-4923-b6b6-92565c5afd5b,"task creation",51e422fd-cc7c-4044-be61-ae5034ed515c
eee07878-0aa8-4398-b8f4-48ac74db1868,"task creation",51e422fd-cc7c-4044-be61-ae5034ed515c
ef4fe01c-ae35-4645-90fa-d564230e3edb,"task creation",51e422fd-cc7c-4044-be61-ae5034ed515c
ef9771a7-499f-49d9-9196-5dcfe35cf916,"task creation",51e422fd-cc7c-4044-be61-ae5034ed515c
efd6f427-f282-45a0-bb30-6b3103ab18ff,"task creation",51e422fd-cc7c-4044-be61-ae5034ed515c
f2955351-2b5b-41df-a5aa-f1180e2b924c,"task creation",51e422fd-cc7c-4044-be61-ae5034ed515c
f3c81f19-dd47-4b28-9b32-15c8116c2e32,"task creation",51e422fd-cc7c-4044-be61-ae5034ed515c
f57bf7eb-f916-4063-a7ea-7c2426c98b62,"task creation",51e422fd-cc7c-4044-be61-ae5034ed515c
f6657f44-8dae-4b35-8ce2-b9dc85f5e8ce,"task creation",51e422fd-cc7c-4044-be61-ae5034ed515c
f6c9b694-8ee8-4292-9e34-97fa5d780216,"task creation",51e422fd-cc7c-4044-be61-ae5034ed515c
f6e751c2-da30-48a8-b32d-bc2f0a9b2b44,"task creation",51e422fd-cc7c-4044-be61-ae5034ed515c
f76cfc12-de36-4c17-9945-490f9aaf7139,"task creation",51e422fd-cc7c-4044-be61-ae5034ed515c
f7ce1606-c867-488d-98f3-144f033c3ed1,"task creation",51e422fd-cc7c-4044-be61-ae5034ed515c
f7d16f93-b754-4c7f-807d-90ed0ef15528,"task creation",51e422fd-cc7c-4044-be61-ae5034ed515c
f7d32be4-e896-4eff-ba88-c18f429f81e1,"task creation",51e422fd-cc7c-4044-be61-ae5034ed515c
f7f68c68-fa9c-48d3-b074-123deddc65b3,"task creation",51e422fd-cc7c-4044-be61-ae5034ed515c
f98961c6-0569-4f41-a3f2-0ff15f73d16e,"task creation",51e422fd-cc7c-4044-be61-ae5034ed515c
f9c7961c-af09-405c-89f0-4901cdc25f75,"task creation",51e422fd-cc7c-4044-be61-ae5034ed515c
fa7fbf19-d6c7-4a2a-9d92-75a616efbbda,"task creation",51e422fd-cc7c-4044-be61-ae5034ed515c
fb3f7f75-c272-42c4-ae55-b94bf2bd4468,"task creation",51e422fd-cc7c-4044-be61-ae5034ed515c
fc7957df-caff-40bf-b5e1-1fd76d432635,"task creation",51e422fd-cc7c-4044-be61-ae5034ed515c
ffd7e5fa-5dc9-4ab7-9d7a-f9bfa88c2d2d,"task creation",51e422fd-cc7c-4044-be61-ae5034ed515c
