{
  "AWSTemplateFormatVersion": "2010-09-09",
  "Description": "CloudFormation_Template_CSYE6225_Fall2017",
  "Resources": {
    "EC2Instance": {
      "Type": "AWS::EC2::Instance",
      "Properties": {
        "ImageId": "ami-cd0f5cb6",
        "InstanceType": "t2.micro",
        "SecurityGroupIds": [
          {
            "Fn::GetAtt": [
              "WebServerSecurityGroup",
              "GroupId"
            ]
          }
        ],
        "DisableApiTermination": "true",
        "IamInstanceProfile": {
          "Ref": "MyIamProfile"
        },
        "BlockDeviceMappings": [
          {
            "DeviceName": "/dev/sda1",
            "Ebs": {
              "VolumeSize": "16",
              "VolumeType": "gp2"
            }
          }
        ],
        "KeyName": "csye6225",
        "UserData": {
          "Fn::Base64": {
            "Fn::Join": [
              "\n",
              [
                "#!/bin/bash",
                "sudo apt-get update",
                "sudo add-apt-repository -y ppa:webupd8team/java",
                "sudo apt-get update",
                "echo \"oracle-java8-installer shared/accepted-oracle-license-v1-1 select true\" | sudo debconf-set-selections",
                "sudo apt-get install oracle-java8-installer -y",
                "sudo dpkg -P oracle-java8-installer",
                "sudo apt-get -f install",
                "sudo apt-get install tomcat8 -y",
                "sudo apt-get update",
                "sudo apt-get install ruby -y",
                "sudo apt-get install wget",
                "cd /home/ubuntu",
                "wget https://aws-codedeploy-us-east-1.s3.amazonaws.com/latest/install",
                "sudo chmod +x ./install",
                "sudo ./install auto",
                "sudo service codedeploy-agent status",
                "sudo service codedeploy-agent start",
                "sudo service codedeploy-agent status",
                "echo '#!/bin/sh' > /usr/share/tomcat8/bin/setenv.sh",
                "mkdir /tmp/cwlogs/",
                "touch /tmp/cwlogs/apacheaccess.conf",
                "echo '[general]' >> /tmp/cwlogs/apacheaccess.conf",
                "echo 'state_file= /var/awslogs/agent-state\n' >> /tmp/cwlogs/apacheaccess.conf",
                "echo '[logstream1]' >> /tmp/cwlogs/apacheaccess.conf",
                "echo 'file = /var/lib/tomcat8/logs/catalina.out' >> /tmp/cwlogs/apacheaccess.conf",
                {
                  "Fn::Join": [
                    "",
                    [
                      "echo 'log_group_name = ",
                      {
                        "Ref": "WebServerLogGroup"
                      },
                      "' >> /tmp/cwlogs/apacheaccess.conf"
                    ]
                  ]
                },
                {
                  "Fn::Join": [
                    "",
                    [
                      "echo 'log_stream_name = ",
                      "team-log-stream' >> /tmp/cwlogs/apacheaccess.conf"
                    ]
                  ]
                },
                "echo 'datetime_format = %d/%b/%Y:%H:%M:%S' >> /tmp/cwlogs/apacheaccess.conf",
                "chmod +r /tmp/cwlogs/apacheaccess.conf",
                "chown apache:apache /tmp/cwlogs/apacheaccess.conf",
                "sudo apt-get update -y",
                "sudo apt-get install python -y",
                "curl https://s3.amazonaws.com/aws-cloudwatch/downloads/latest/awslogs-agent-setup.py -O",
                {
                  "Fn::Join": [
                    "",
                    [
                      "python awslogs-agent-setup.py -n -r ",
                      {
                        "Ref": "AWS::Region"
                      },
                      " -c /tmp/cwlogs/apacheaccess.conf || error_exit 'Failed to run CloudWatch Logs agent setup'"
                    ]
                  ]
                },
                "cd /etc/systemd/system",
                "touch awslogs.service",
                "echo '[Unit]' >> awslogs.service",
                "echo 'Description=Service for CloudWatch Logs agent' >> awslogs.service",
                "echo 'After=rc-local.service' >> awslogs.service",
                "echo '[Service]' >> awslogs.service",
                "echo 'Type=simple' >> awslogs.service",
                "echo 'Restart=always' >> awslogs.service",
                "echo 'KillMode=process' >> awslogs.service",
                "echo 'TimeoutSec=infinity' >> awslogs.service",
                "echo 'PIDFile=/var/awslogs/state/awslogs.pid' >> awslogs.service",
                "echo 'ExecStart=/var/awslogs/bin/awslogs-agent-launcher.sh --start --background --pidfile $PIDFILE --user awslogs --chuid awslogs &amp;' >> awslogs.service",
                "echo '[Install]' >> awslogs.service",
                "echo 'WantedBy=multi-user.target' >> awslogs.service",
                "sudo systemctl start awslogs.service",
                "sudo systemctl enable awslogs.service",
                {
                  "Fn::Join": [
                    "",
                    [
                      "echo 'JAVA_OPTS=\"$JAVA_OPTS -Dspring.datasource.url=\"jdbc:mysql://",
                      {
                        "Fn::GetAtt": [
                          "MyDB",
                          "Endpoint.Address"
                        ]
                      },
                      ":3306/csye6225\"\"' >> /usr/share/tomcat8/bin/setenv.sh"
                    ]
                  ]
                },
                "echo 'JAVA_OPTS=\"$JAVA_OPTS -Dspring.datasource.username=csye6225master\"' >> /usr/share/tomcat8/bin/setenv.sh",
                "echo 'JAVA_OPTS=\"$JAVA_OPTS -Dspring.datasource.password=csye6225password\"' >> /usr/share/tomcat8/bin/setenv.sh",
                "echo 'JAVA_OPTS=\"$JAVA_OPTS -Dspring.amazon.s3.default-bucket=csye6225master\"' >> /usr/share/tomcat8/bin/setenv.sh",
                "echo 'JAVA_OPTS=\"$JAVA_OPTS -Dspring.profiles.active=aws\"' >> /usr/share/tomcat8/bin/setenv.sh",
                "chmod +x /usr/share/tomcat8/bin/setenv.sh",
                "chown tomcat8:tomcat8 /usr/share/tomcat8/bin/setenv.sh"
              ]
            ]
          }
        },
        "Tags": [
          {
            "Key": "NAME",
            "Value": "CSYE6225"
          }
        ]
      }
    },
    "WebServerLogGroup": {
      "Type": "AWS::Logs::LogGroup",
      "Properties": {
        "RetentionInDays": 7
      }
    },
    "WebServerSecurityGroup": {
      "Type": "AWS::EC2::SecurityGroup",
      "Properties": {
        "GroupName": "csye6225-fall2017-placeHolder-webapp",
        "GroupDescription": "Enable HTTP access via port 80, SSH access via port 22",
        "VpcId": "placeHolder",
        "SecurityGroupIngress": [
          {
            "IpProtocol": "tcp",
            "FromPort": "80",
            "ToPort": "80",
            "CidrIp": "0.0.0.0/0"
          },
          {
            "IpProtocol": "tcp",
            "FromPort": "22",
            "ToPort": "22",
            "CidrIp": "0.0.0.0/0"
          },
          {
            "IpProtocol": "tcp",
            "FromPort": "443",
            "ToPort": "443",
            "CidrIp": "0.0.0.0/0"
          },
          {
            "IpProtocol": "tcp",
            "FromPort": "8080",
            "ToPort": "8080",
            "CidrIpv6": "::/0"
          },
          {
            "IpProtocol": "tcp",
            "FromPort": "8080",
            "ToPort": "8080",
            "CidrIp": "0.0.0.0/0"
          }
        ]
      }
    },
    "myDNSRecord": {
      "Type": "AWS::Route53::RecordSet",
      "Properties": {
        "Comment": "DNS name for my instance.",
        "HostedZoneName": "placeHolder",
        "Name": "ec2.placeHolder",
        "Type": "A",
        "TTL": "60",
        "ResourceRecords": [
          {
            "Fn::GetAtt": [
              "EC2Instance",
              "PublicIp"
            ]
          }
        ]
      }
    },
    "DataBaseServerSecurityGroup": {
      "Type": "AWS::EC2::SecurityGroup",
      "Properties": {
        "GroupName": "csye6225-rds",
        "GroupDescription": "Enable HTTP access via port 80, SSH access via port 22",
        "VpcId": "placeHolder",
        "SecurityGroupIngress": [
          {
            "IpProtocol": "tcp",
            "FromPort": "3306",
            "ToPort": "3306",
            "SourceSecurityGroupId": {
              "Fn::GetAtt": [
                "WebServerSecurityGroup",
                "GroupId"
              ]
            }
          }
        ]
      }
    },
    "myDynamoDBTable": {
      "Type": "AWS::DynamoDB::Table",
      "Properties": {
        "KeySchema": [
          {
            "AttributeName": "ID",
            "KeyType": "HASH"
          }
        ],
        "AttributeDefinitions": [
          {
            "AttributeName": "ID",
            "AttributeType": "N"
          }
        ],
        "ProvisionedThroughput": {
          "ReadCapacityUnits": "5",
          "WriteCapacityUnits": "5"
        },
        "TableName": "ToDoTask"
      }
    },
    "DynamoTokenTable": {
      "Type": "AWS::DynamoDB::Table",
      "Properties": {
        "KeySchema": [
          {
            "AttributeName": "username",
            "KeyType": "HASH"
          }
        ],
        "AttributeDefinitions": [
          {
            "AttributeName": "username",
            "AttributeType": "S"
          }
        ],
        "ProvisionedThroughput": {
          "ReadCapacityUnits": "5",
          "WriteCapacityUnits": "5"
        },
        "TableName": "tokenHolder",
        "TimeToLiveSpecification": {
          "AttributeName": "ttl",
          "Enabled": true
        }
      }
    },
    "subnet1": {
      "Type": "AWS::EC2::Subnet",
      "Properties": {
        "VpcId": "placeHolder",
        "AvailabilityZone": "us-east-1a",
        "CidrBlock": "172.31.96.0/20"
      }
    },
    "subnet2": {
      "Type": "AWS::EC2::Subnet",
      "Properties": {
        "VpcId": "placeHolder",
        "AvailabilityZone": "us-east-1b",
        "CidrBlock": "172.31.112.0/20"
      }
    },
    "DBSubnetGroup": {
      "Type": "AWS::RDS::DBSubnetGroup",
      "Properties": {
        "DBSubnetGroupDescription": "Subnet for DB",
        "SubnetIds": [
          {
            "Ref": "subnet1"
          },
          {
            "Ref": "subnet2"
          }
        ]
      }
    },
    "MyDB": {
      "Type": "AWS::RDS::DBInstance",
      "Properties": {
        "VPCSecurityGroups": [
          {
            "Ref": "DataBaseServerSecurityGroup"
          }
        ],
        "AllocatedStorage": "5",
        "DBInstanceClass": "db.t2.medium",
        "DBInstanceIdentifier": "csye6225-fall2017",
        "PubliclyAccessible": "false",
        "DBSubnetGroupName": {
          "Ref": "DBSubnetGroup"
        },
        "Engine": "MySQL",
        "EngineVersion": "5.6.35",
        "MasterUsername": "csye6225master",
        "MasterUserPassword": "csye6225password",
        "DBName": "csye6225",
        "MultiAZ": "false"
      },
      "DeletionPolicy": "Snapshot"
    },
    "S3Bucket": {
      "Type": "AWS::S3::Bucket",
      "Properties": {
        "BucketName": "placeHolder"
      }
    },
    "MyIamRole": {
      "Type": "AWS::IAM::Role",
      "Properties": {
        "ManagedPolicyArns": [
          "arn:aws:iam::aws:policy/AmazonRDSFullAccess",
          "arn:aws:iam::aws:policy/AmazonS3FullAccess",
          "arn:aws:iam::aws:policy/AmazonSNSFullAccess"
        ],
        "AssumeRolePolicyDocument": {
          "Version": "2012-10-17",
          "Statement": [
            {
              "Effect": "Allow",
              "Principal": {
                "Service": [
                  "ec2.amazonaws.com"
                ]
              },
              "Action": [
                "sts:AssumeRole"
              ]
            }
          ]
        }
      }
    },
    "MyLambdaRole": {
      "Type": "AWS::IAM::Role",
      "Properties": {
        "ManagedPolicyArns": [
          "arn:aws:iam::aws:policy/service-role/AWSLambdaBasicExecutionRole",
          "arn:aws:iam::aws:policy/AmazonSESFullAccess",
          "arn:aws:iam::aws:policy/AmazonDynamoDBFullAccess"
        ],
        "AssumeRolePolicyDocument": {
          "Version": "2012-10-17",
          "Statement": [
            {
              "Effect": "Allow",
              "Principal": {
                "Service": [
                  "lambda.amazonaws.com"
                ]
              },
              "Action": [
                "sts:AssumeRole"
              ]
            }
          ]
        }
      }
    },
    "lambdaPermission": {
      "Type": "AWS::Lambda::Permission",
      "Properties": {
        "Action": "lambda:InvokeFunction",
        "FunctionName": {
          "Fn::GetAtt": [
            "MyLambdaFunction",
            "Arn"
          ]
        },
        "Principal": "sns.amazonaws.com",
        "SourceArn": {
          "Ref": "MySNSTopic"
        }
      }
    },
    "MyIamProfile": {
      "Type": "AWS::IAM::InstanceProfile",
      "Properties": {
        "Roles": [
          {
            "Ref": "MyIamRole"
          }
        ],
        "InstanceProfileName": "csye-test-iam-profile"
      }
    },
    "MyLambdaFunction": {
      "Type": "AWS::Lambda::Function",
      "DependsOn": [
        "MyLambdaRole"
      ],
      "Properties": {
        "Code": {
          "S3Bucket": "code-deploy.csye6225-fall2017-saxenapr.me",
          "S3Key": "csye6225-aws-lambda-0.0.1.zip"
        },
        "Role": {
          "Fn::GetAtt": [
            "MyLambdaRole",
            "Arn"
          ]
        },
        "Timeout": 60,
        "Handler": "LogEvent::handleRequest",
        "MemorySize": 256,
        "Runtime": "java8"
      }
    },
    "MySNSTopic": {
      "Type": "AWS::SNS::Topic",
      "Properties": {
        "Subscription": [
          {
            "Endpoint": {
              "Fn::GetAtt": [
                "MyLambdaFunction",
                "Arn"
              ]
            },
            "Protocol": "lambda"
          }
        ],
        "TopicName": "SESTopic"
      }
    },
    "S3AccessPolicy": {
      "Type": "AWS::IAM::Policy",
      "Properties": {
        "Roles": [
          {
            "Ref": "MyIamRole"
          }
        ],
        "PolicyName": "csye-test-s3-policy",
        "PolicyDocument": {
          "Version": "2012-10-17",
          "Statement": [
            {
              "Effect": "Allow",
              "Action": [
                "s3:ListBucket"
              ],
              "Resource": {
                "Fn::Join": [
                  "",
                  [
                    {
                      "Fn::GetAtt": [
                        "S3Bucket",
                        "Arn"
                      ]
                    }
                  ]
                ]
              }
            },
            {
              "Effect": "Allow",
              "Action": [
                "s3:PutObject",
                "s3:GetObject"
              ],
              "Resource": {
                "Fn::Join": [
                  "",
                  [
                    {
                      "Fn::GetAtt": [
                        "S3Bucket",
                        "Arn"
                      ]
                    },
                    "/*"
                  ]
                ]
              }
            }
          ]
        }
      }
    },
    "CloudWatchPolicy": {
      "Type": "AWS::IAM::Policy",
      "Properties": {
        "Roles": [
          {
            "Ref": "MyIamRole"
          }
        ],
        "PolicyName": "cloud-watch-policy",
        "PolicyDocument": {
          "Version": "2012-10-17",
          "Statement": [
            {
              "Effect": "Allow",
              "Action": [
                "logs:CreateLogGroup",
                "logs:CreateLogStream",
                "logs:PutLogEvents",
                "logs:DescribeLogStreams"
              ],
              "Resource": [
                "arn:aws:logs:*:*:*"
              ]
            }
          ]
        }
      }
    },
    "MyIamPolicy": {
      "Type": "AWS::IAM::Policy",
      "Properties": {
        "Roles": [
          {
            "Ref": "MyIamRole"
          }
        ],
        "PolicyName": "csye-test-policy",
        "PolicyDocument": {
          "Version": "2012-10-17",
          "Statement": [
            {
              "Action": [
                "s3:Get*",
                "s3:List*"
              ],
              "Effect": "Allow",
              "Resource": {
                "Fn::GetAtt": [
                  "MyIamProfile",
                  "Arn"
                ]
              }
            }
          ]
        }
      }
    }
  }
}
